Id,Creation time,User,Name
1,2022-08-26T06:55:45,1,Music
4,2024-01-02T11:27:05,1,Audiobooks
5,2024-01-11T03:03:44,1,90’s Music
6,2024-07-12T06:06:30,2,Audiobooks
8,2022-04-25T21:33:21,2,Music
11,2022-07-04T23:46:23,3,Brazilian Music
12,2023-01-21T12:21:26,3,Classical
13,2022-06-20T04:35:13,3,Classical 101 - Deep Cuts
14,2022-06-04T17:07:26,3,Classical 101 - Next Steps
15,2022-03-18T04:19:53,3,Classical 101 - The Basics
16,2022-05-14T14:40:16,4,Grunge
17,2022-02-01T01:53:23,4,Heavy Metal Classic
18,2024-03-09T10:49:52,4,On-The-Go 1
